"filename", "language", "JavaScript", "TypeScript", "JSON", "GraphQL", "Markdown", "JavaScript React", "TypeScript React", "SCSS", "HTML", "YAML", "comment", "blank", "total"
"c:\Users\james\Documents\GitHub\francesca-jade-creates\.eslintrc.json", "JSON", 0, 0, 56, 0, 0, 0, 0, 0, 0, 0, 1, 1, 58
"c:\Users\james\Documents\GitHub\francesca-jade-creates\.graphqlconfig.yml", "YAML", 0, 0, 0, 0, 0, 0, 0, 0, 0, 18, 0, 1, 19
"c:\Users\james\Documents\GitHub\francesca-jade-creates\.prettierrc", "JSON", 0, 0, 16, 0, 0, 0, 0, 0, 0, 0, 0, 1, 17
"c:\Users\james\Documents\GitHub\francesca-jade-creates\.stylelintrc.json", "JSON", 0, 0, 20, 0, 0, 0, 0, 0, 0, 0, 0, 1, 21
"c:\Users\james\Documents\GitHub\francesca-jade-creates\README.md", "Markdown", 0, 0, 0, 0, 28, 0, 0, 0, 0, 0, 0, 8, 36
"c:\Users\james\Documents\GitHub\francesca-jade-creates\amplifyPublishIgnore.json", "JSON", 0, 0, 1, 0, 0, 0, 0, 0, 0, 0, 0, 0, 1
"c:\Users\james\Documents\GitHub\francesca-jade-creates\amplify\.config\project-config.json", "JSON", 0, 0, 17, 0, 0, 0, 0, 0, 0, 0, 0, 0, 17
"c:\Users\james\Documents\GitHub\francesca-jade-creates\amplify\backend\api\francescajadecreates\parameters.json", "JSON", 0, 0, 11, 0, 0, 0, 0, 0, 0, 0, 0, 0, 11
"c:\Users\james\Documents\GitHub\francesca-jade-creates\amplify\backend\api\francescajadecreates\schema.graphql", "GraphQL", 0, 0, 0, 119, 0, 0, 0, 0, 0, 0, 0, 13, 132
"c:\Users\james\Documents\GitHub\francesca-jade-creates\amplify\backend\api\francescajadecreates\stacks\CustomResources.json", "JSON", 0, 0, 61, 0, 0, 0, 0, 0, 0, 0, 0, 0, 61
"c:\Users\james\Documents\GitHub\francesca-jade-creates\amplify\backend\api\francescajadecreates\transform.conf.json", "JSON", 0, 0, 5, 0, 0, 0, 0, 0, 0, 0, 0, 0, 5
"c:\Users\james\Documents\GitHub\francesca-jade-creates\amplify\backend\api\orderlambda\api-params.json", "JSON", 0, 0, 53, 0, 0, 0, 0, 0, 0, 0, 0, 0, 53
"c:\Users\james\Documents\GitHub\francesca-jade-creates\amplify\backend\api\orderlambda\orderlambda-cloudformation-template.json", "JSON", 0, 0, 600, 0, 0, 0, 0, 0, 0, 0, 0, 53, 653
"c:\Users\james\Documents\GitHub\francesca-jade-creates\amplify\backend\api\orderlambda\parameters.json", "JSON", 0, 0, 8, 0, 0, 0, 0, 0, 0, 0, 0, 0, 8
"c:\Users\james\Documents\GitHub\francesca-jade-creates\amplify\backend\auth\francescajadecreatesf155220b\francescajadecreatesf155220b-cloudformation-template.yml", "YAML", 0, 0, 0, 0, 0, 0, 0, 0, 0, 638, 29, 131, 798
"c:\Users\james\Documents\GitHub\francesca-jade-creates\amplify\backend\auth\francescajadecreatesf155220b\parameters.json", "JSON", 0, 0, 72, 0, 0, 0, 0, 0, 0, 0, 0, 0, 72
"c:\Users\james\Documents\GitHub\francesca-jade-creates\amplify\backend\backend-config.json", "JSON", 0, 0, 90, 0, 0, 0, 0, 0, 0, 0, 0, 0, 90
"c:\Users\james\Documents\GitHub\francesca-jade-creates\amplify\backend\function\orderlambda\function-parameters.json", "JSON", 0, 0, 3, 0, 0, 0, 0, 0, 0, 0, 0, 0, 3
"c:\Users\james\Documents\GitHub\francesca-jade-creates\amplify\backend\function\orderlambda\orderlambda-cloudformation-template.json", "JSON", 0, 0, 184, 0, 0, 0, 0, 0, 0, 0, 0, 0, 184
"c:\Users\james\Documents\GitHub\francesca-jade-creates\amplify\backend\function\orderlambda\parameters.json", "JSON", 0, 0, 1, 0, 0, 0, 0, 0, 0, 0, 0, 0, 1
"c:\Users\james\Documents\GitHub\francesca-jade-creates\amplify\backend\function\orderlambda\src\app.js", "JavaScript", 64, 0, 0, 0, 0, 0, 0, 0, 0, 0, 12, 10, 86
"c:\Users\james\Documents\GitHub\francesca-jade-creates\amplify\backend\function\orderlambda\src\event.json", "JSON", 0, 0, 5, 0, 0, 0, 0, 0, 0, 0, 0, 1, 6
"c:\Users\james\Documents\GitHub\francesca-jade-creates\amplify\backend\function\orderlambda\src\index.js", "JavaScript", 7, 0, 0, 0, 0, 0, 0, 0, 0, 0, 0, 3, 10
"c:\Users\james\Documents\GitHub\francesca-jade-creates\amplify\backend\function\orderlambda\src\package-lock.json", "JSON", 0, 0, 407, 0, 0, 0, 0, 0, 0, 0, 0, 1, 408
"c:\Users\james\Documents\GitHub\francesca-jade-creates\amplify\backend\function\orderlambda\src\package.json", "JSON", 0, 0, 19, 0, 0, 0, 0, 0, 0, 0, 0, 1, 20
"c:\Users\james\Documents\GitHub\francesca-jade-creates\amplify\backend\function\stripeWebhook\function-parameters.json", "JSON", 0, 0, 10, 0, 0, 0, 0, 0, 0, 0, 0, 0, 10
"c:\Users\james\Documents\GitHub\francesca-jade-creates\amplify\backend\function\stripeWebhook\parameters.json", "JSON", 0, 0, 1, 0, 0, 0, 0, 0, 0, 0, 0, 0, 1
"c:\Users\james\Documents\GitHub\francesca-jade-creates\amplify\backend\function\stripeWebhook\src\app.js", "JavaScript", 183, 0, 0, 0, 0, 0, 0, 0, 0, 0, 18, 17, 218
"c:\Users\james\Documents\GitHub\francesca-jade-creates\amplify\backend\function\stripeWebhook\src\event.json", "JSON", 0, 0, 5, 0, 0, 0, 0, 0, 0, 0, 0, 1, 6
"c:\Users\james\Documents\GitHub\francesca-jade-creates\amplify\backend\function\stripeWebhook\src\index.js", "JavaScript", 7, 0, 0, 0, 0, 0, 0, 0, 0, 0, 0, 3, 10
"c:\Users\james\Documents\GitHub\francesca-jade-creates\amplify\backend\function\stripeWebhook\src\package-lock.json", "JSON", 0, 0, 508, 0, 0, 0, 0, 0, 0, 0, 0, 1, 509
"c:\Users\james\Documents\GitHub\francesca-jade-creates\amplify\backend\function\stripeWebhook\src\package.json", "JSON", 0, 0, 21, 0, 0, 0, 0, 0, 0, 0, 0, 1, 22
"c:\Users\james\Documents\GitHub\francesca-jade-creates\amplify\backend\function\stripeWebhook\stripeWebhook-cloudformation-template.json", "JSON", 0, 0, 185, 0, 0, 0, 0, 0, 0, 0, 85, 0, 270
"c:\Users\james\Documents\GitHub\francesca-jade-creates\amplify\backend\storage\francescajadecreatesimages\parameters.json", "JSON", 0, 0, 34, 0, 0, 0, 0, 0, 0, 0, 0, 0, 34
"c:\Users\james\Documents\GitHub\francesca-jade-creates\amplify\backend\storage\francescajadecreatesimages\s3-cloudformation-template.json", "JSON", 0, 0, 263, 0, 0, 0, 0, 0, 0, 0, 389, 6, 658
"c:\Users\james\Documents\GitHub\francesca-jade-creates\amplify\backend\storage\francescajadecreatesimages\storage-params.json", "JSON", 0, 0, 1, 0, 0, 0, 0, 0, 0, 0, 0, 0, 1
"c:\Users\james\Documents\GitHub\francesca-jade-creates\amplify\team-provider-info.json", "JSON", 0, 0, 25, 0, 0, 0, 0, 0, 0, 0, 0, 0, 25
"c:\Users\james\Documents\GitHub\francesca-jade-creates\app.d.ts", "TypeScript", 0, 17, 0, 0, 0, 0, 0, 0, 0, 0, 1, 4, 22
"c:\Users\james\Documents\GitHub\francesca-jade-creates\jest.config.js", "JavaScript", 10, 0, 0, 0, 0, 0, 0, 0, 0, 0, 127, 53, 190
"c:\Users\james\Documents\GitHub\francesca-jade-creates\package-lock.json", "JSON", 0, 0, 21813, 0, 0, 0, 0, 0, 0, 0, 0, 1, 21814
"c:\Users\james\Documents\GitHub\francesca-jade-creates\package.json", "JSON", 0, 0, 137, 0, 0, 0, 0, 0, 0, 0, 0, 1, 138
"c:\Users\james\Documents\GitHub\francesca-jade-creates\public\index.html", "HTML", 0, 0, 0, 0, 0, 0, 0, 0, 17, 0, 0, 2, 19
"c:\Users\james\Documents\GitHub\francesca-jade-creates\schema.graphql", "GraphQL", 0, 0, 0, 81, 0, 0, 0, 0, 0, 0, 0, 6, 87
"c:\Users\james\Documents\GitHub\francesca-jade-creates\src\API.ts", "TypeScript", 0, 2296, 0, 0, 0, 0, 0, 0, 0, 0, 3, 64, 2363
"c:\Users\james\Documents\GitHub\francesca-jade-creates\src\__mocks__\fileMock.js", "JavaScript", 1, 0, 0, 0, 0, 0, 0, 0, 0, 0, 0, 1, 2
"c:\Users\james\Documents\GitHub\francesca-jade-creates\src\__mocks__\products.ts", "TypeScript", 0, 73, 0, 0, 0, 0, 0, 0, 0, 0, 0, 3, 76
"c:\Users\james\Documents\GitHub\francesca-jade-creates\src\__mocks__\react-redux-hooks.js", "JavaScript", 6, 0, 0, 0, 0, 0, 0, 0, 0, 0, 0, 2, 8
"c:\Users\james\Documents\GitHub\francesca-jade-creates\src\__mocks__\shallowMock.jsx", "JavaScript React", 0, 0, 0, 0, 0, 5, 0, 0, 0, 0, 0, 3, 8
"c:\Users\james\Documents\GitHub\francesca-jade-creates\src\__mocks__\styleMock.js", "JavaScript", 1, 0, 0, 0, 0, 0, 0, 0, 0, 0, 0, 1, 2
"c:\Users\james\Documents\GitHub\francesca-jade-creates\src\actions\__tests__\basket.actions.test.ts", "TypeScript", 0, 33, 0, 0, 0, 0, 0, 0, 0, 0, 0, 4, 37
"c:\Users\james\Documents\GitHub\francesca-jade-creates\src\actions\__tests__\user.actions.test.ts", "TypeScript", 0, 17, 0, 0, 0, 0, 0, 0, 0, 0, 0, 3, 20
"c:\Users\james\Documents\GitHub\francesca-jade-creates\src\actions\basket.actions.ts", "TypeScript", 0, 51, 0, 0, 0, 0, 0, 0, 0, 0, 0, 8, 59
"c:\Users\james\Documents\GitHub\francesca-jade-creates\src\actions\products.actions.ts", "TypeScript", 0, 69, 0, 0, 0, 0, 0, 0, 0, 0, 1, 8, 78
"c:\Users\james\Documents\GitHub\francesca-jade-creates\src\actions\user.actions.ts", "TypeScript", 0, 30, 0, 0, 0, 0, 0, 0, 0, 0, 0, 4, 34
"c:\Users\james\Documents\GitHub\francesca-jade-creates\src\common\Loading.tsx", "TypeScript React", 0, 0, 0, 0, 0, 0, 40, 0, 0, 0, 6, 4, 50
"c:\Users\james\Documents\GitHub\francesca-jade-creates\src\common\Pagination.tsx", "TypeScript React", 0, 0, 0, 0, 0, 0, 46, 0, 0, 0, 7, 6, 59
"c:\Users\james\Documents\GitHub\francesca-jade-creates\src\common\__tests__\ImageCarousel.test.tsx", "TypeScript React", 0, 0, 0, 0, 0, 0, 81, 0, 0, 0, 9, 9, 99
"c:\Users\james\Documents\GitHub\francesca-jade-creates\src\common\__tests__\ImagePicker.test.tsx", "TypeScript React", 0, 0, 0, 0, 0, 0, 38, 0, 0, 0, 0, 4, 42
"c:\Users\james\Documents\GitHub\francesca-jade-creates\src\common\__tests__\Loading.test.tsx", "TypeScript React", 0, 0, 0, 0, 0, 0, 28, 0, 0, 0, 0, 4, 32
"c:\Users\james\Documents\GitHub\francesca-jade-creates\src\common\__tests__\NavBar.test.tsx", "TypeScript React", 0, 0, 0, 0, 0, 0, 251, 0, 0, 0, 48, 15, 314
"c:\Users\james\Documents\GitHub\francesca-jade-creates\src\common\__tests__\ProductCard.test.tsx", "TypeScript React", 0, 0, 0, 0, 0, 0, 110, 0, 0, 0, 50, 8, 168
"c:\Users\james\Documents\GitHub\francesca-jade-creates\src\common\__tests__\ProductTypePage.test.tsx", "TypeScript React", 0, 0, 0, 0, 0, 0, 54, 0, 0, 0, 0, 4, 58
"c:\Users\james\Documents\GitHub\francesca-jade-creates\src\common\__tests__\ViewProduct.test.tsx", "TypeScript React", 0, 0, 0, 0, 0, 0, 117, 0, 0, 0, 24, 7, 148
"c:\Users\james\Documents\GitHub\francesca-jade-creates\src\common\alerts\ConfirmDialog.tsx", "TypeScript React", 0, 0, 0, 0, 0, 0, 88, 0, 0, 0, 0, 4, 92
"c:\Users\james\Documents\GitHub\francesca-jade-creates\src\common\alerts\DeleteImageDialog.tsx", "TypeScript React", 0, 0, 0, 0, 0, 0, 77, 0, 0, 0, 1, 5, 83
"c:\Users\james\Documents\GitHub\francesca-jade-creates\src\common\containers\ImageCarousel.tsx", "TypeScript React", 0, 0, 0, 0, 0, 0, 180, 0, 0, 0, 59, 9, 248
"c:\Users\james\Documents\GitHub\francesca-jade-creates\src\common\containers\ImagePicker.tsx", "TypeScript React", 0, 0, 0, 0, 0, 0, 242, 0, 0, 0, 44, 13, 299
"c:\Users\james\Documents\GitHub\francesca-jade-creates\src\common\containers\NonIdealState.tsx", "TypeScript React", 0, 0, 0, 0, 0, 0, 52, 0, 0, 0, 10, 6, 68
"c:\Users\james\Documents\GitHub\francesca-jade-creates\src\common\containers\OutlinedContainer.tsx", "TypeScript React", 0, 0, 0, 0, 0, 0, 73, 0, 0, 0, 12, 6, 91
"c:\Users\james\Documents\GitHub\francesca-jade-creates\src\common\containers\ProductCard.tsx", "TypeScript React", 0, 0, 0, 0, 0, 0, 357, 0, 0, 0, 19, 6, 382
"c:\Users\james\Documents\GitHub\francesca-jade-creates\src\common\containers\interfaces\ImageCarousel.i.ts", "TypeScript", 0, 14, 0, 0, 0, 0, 0, 0, 0, 0, 0, 3, 17
"c:\Users\james\Documents\GitHub\francesca-jade-creates\src\common\containers\interfaces\ImagePicker.i.ts", "TypeScript", 0, 29, 0, 0, 0, 0, 0, 0, 0, 0, 0, 4, 33
"c:\Users\james\Documents\GitHub\francesca-jade-creates\src\common\inputs\ChipContainer.tsx", "TypeScript React", 0, 0, 0, 0, 0, 0, 49, 0, 0, 0, 9, 6, 64
"c:\Users\james\Documents\GitHub\francesca-jade-creates\src\common\inputs\LoadingButton.tsx", "TypeScript React", 0, 0, 0, 0, 0, 0, 21, 0, 0, 0, 0, 4, 25
"c:\Users\james\Documents\GitHub\francesca-jade-creates\src\common\inputs\PasswordInput.tsx", "TypeScript React", 0, 0, 0, 0, 0, 0, 57, 0, 0, 0, 0, 4, 61
"c:\Users\james\Documents\GitHub\francesca-jade-creates\src\common\interfaces\NavBar.i.ts", "TypeScript", 0, 10, 0, 0, 0, 0, 0, 0, 0, 0, 0, 2, 12
"c:\Users\james\Documents\GitHub\francesca-jade-creates\src\common\interfaces\PasswordInput.i.ts", "TypeScript", 0, 9, 0, 0, 0, 0, 0, 0, 0, 0, 0, 1, 10
"c:\Users\james\Documents\GitHub\francesca-jade-creates\src\common\scss\_carousel.scss", "SCSS", 0, 0, 0, 0, 0, 0, 0, 69, 0, 0, 0, 8, 77
"c:\Users\james\Documents\GitHub\francesca-jade-creates\src\common\scss\_filter.scss", "SCSS", 0, 0, 0, 0, 0, 0, 0, 64, 0, 0, 1, 9, 74
"c:\Users\james\Documents\GitHub\francesca-jade-creates\src\common\scss\_image-picker.scss", "SCSS", 0, 0, 0, 0, 0, 0, 0, 21, 0, 0, 1, 3, 25
"c:\Users\james\Documents\GitHub\francesca-jade-creates\src\common\scss\_navbar.scss", "SCSS", 0, 0, 0, 0, 0, 0, 0, 125, 0, 0, 0, 16, 141
"c:\Users\james\Documents\GitHub\francesca-jade-creates\src\common\scss\_pagination.scss", "SCSS", 0, 0, 0, 0, 0, 0, 0, 4, 0, 0, 0, 1, 5
"c:\Users\james\Documents\GitHub\francesca-jade-creates\src\common\scss\_product-list.scss", "SCSS", 0, 0, 0, 0, 0, 0, 0, 50, 0, 0, 1, 7, 58
"c:\Users\james\Documents\GitHub\francesca-jade-creates\src\common\scss\_product.scss", "SCSS", 0, 0, 0, 0, 0, 0, 0, 36, 0, 0, 0, 5, 41
"c:\Users\james\Documents\GitHub\francesca-jade-creates\src\common\scss\_tags.scss", "SCSS", 0, 0, 0, 0, 0, 0, 0, 16, 0, 0, 0, 2, 18
"c:\Users\james\Documents\GitHub\francesca-jade-creates\src\common\scss\_view.scss", "SCSS", 0, 0, 0, 0, 0, 0, 0, 40, 0, 0, 0, 7, 47
"c:\Users\james\Documents\GitHub\francesca-jade-creates\src\common\styles\imagePicker.style.ts", "TypeScript", 0, 20, 0, 0, 0, 0, 0, 0, 0, 0, 0, 2, 22
"c:\Users\james\Documents\GitHub\francesca-jade-creates\src\common\styles\viewProduct.style.ts", "TypeScript", 0, 17, 0, 0, 0, 0, 0, 0, 0, 0, 0, 3, 20
"c:\Users\james\Documents\GitHub\francesca-jade-creates\src\graphql\mutations.ts", "TypeScript", 0, 693, 0, 0, 0, 0, 0, 0, 0, 0, 3, 2, 698
"c:\Users\james\Documents\GitHub\francesca-jade-creates\src\graphql\queries.ts", "TypeScript", 0, 686, 0, 0, 0, 0, 0, 0, 0, 0, 3, 2, 691
"c:\Users\james\Documents\GitHub\francesca-jade-creates\src\graphql\schema.json", "JSON", 0, 0, 5445, 0, 0, 0, 0, 0, 0, 0, 0, 0, 5445
"c:\Users\james\Documents\GitHub\francesca-jade-creates\src\graphql\subscriptions.ts", "TypeScript", 0, 347, 0, 0, 0, 0, 0, 0, 0, 0, 3, 2, 352
"c:\Users\james\Documents\GitHub\francesca-jade-creates\src\hooks\useScreenWidth.ts", "TypeScript", 0, 14, 0, 0, 0, 0, 0, 0, 0, 0, 0, 6, 20
"c:\Users\james\Documents\GitHub\francesca-jade-creates\src\index.tsx", "TypeScript React", 0, 0, 0, 0, 0, 0, 78, 0, 0, 0, 6, 8, 92
"c:\Users\james\Documents\GitHub\francesca-jade-creates\src\interfaces\basket.redux.i.ts", "TypeScript", 0, 48, 0, 0, 0, 0, 0, 0, 0, 0, 2, 11, 61
"c:\Users\james\Documents\GitHub\francesca-jade-creates\src\interfaces\products.redux.i.ts", "TypeScript", 0, 58, 0, 0, 0, 0, 0, 0, 0, 0, 1, 13, 72
"c:\Users\james\Documents\GitHub\francesca-jade-creates\src\interfaces\user.redux.i.ts", "TypeScript", 0, 24, 0, 0, 0, 0, 0, 0, 0, 0, 1, 8, 33
"c:\Users\james\Documents\GitHub\francesca-jade-creates\src\pages\accounts\AccountsPage.tsx", "TypeScript React", 0, 0, 0, 0, 0, 0, 167, 0, 0, 0, 0, 14, 181
"c:\Users\james\Documents\GitHub\francesca-jade-creates\src\pages\accounts\components\AdminProducts.tsx", "TypeScript React", 0, 0, 0, 0, 0, 0, 27, 0, 0, 0, 0, 4, 31
"c:\Users\james\Documents\GitHub\francesca-jade-creates\src\pages\accounts\components\Orders.tsx", "TypeScript React", 0, 0, 0, 0, 0, 0, 162, 0, 0, 0, 0, 13, 175
"c:\Users\james\Documents\GitHub\francesca-jade-creates\src\pages\accounts\components\PasswordChange.tsx", "TypeScript React", 0, 0, 0, 0, 0, 0, 142, 0, 0, 0, 4, 10, 156
"c:\Users\james\Documents\GitHub\francesca-jade-creates\src\pages\accounts\components\ProductsList.tsx", "TypeScript React", 0, 0, 0, 0, 0, 0, 111, 0, 0, 0, 15, 9, 135
"c:\Users\james\Documents\GitHub\francesca-jade-creates\src\pages\accounts\components\Profile.tsx", "TypeScript React", 0, 0, 0, 0, 0, 0, 723, 0, 0, 0, 144, 18, 885
"c:\Users\james\Documents\GitHub\francesca-jade-creates\src\pages\accounts\components\SearchFilter.tsx", "TypeScript React", 0, 0, 0, 0, 0, 0, 216, 0, 0, 0, 32, 10, 258
"c:\Users\james\Documents\GitHub\francesca-jade-creates\src\pages\accounts\components\UpdateProduct.tsx", "TypeScript React", 0, 0, 0, 0, 0, 0, 648, 0, 0, 0, 135, 21, 804
"c:\Users\james\Documents\GitHub\francesca-jade-creates\src\pages\accounts\components\Variants.tsx", "TypeScript React", 0, 0, 0, 0, 0, 0, 643, 0, 0, 0, 0, 12, 655
"c:\Users\james\Documents\GitHub\francesca-jade-creates\src\pages\accounts\components\VerificationDialog.tsx", "TypeScript React", 0, 0, 0, 0, 0, 0, 81, 0, 0, 0, 0, 6, 87
"c:\Users\james\Documents\GitHub\francesca-jade-creates\src\pages\accounts\components\ViewProduct.tsx", "TypeScript React", 0, 0, 0, 0, 0, 0, 183, 0, 0, 0, 29, 11, 223
"c:\Users\james\Documents\GitHub\francesca-jade-creates\src\pages\accounts\interfaces\Accounts.i.ts", "TypeScript", 0, 28, 0, 0, 0, 0, 0, 0, 0, 0, 0, 3, 31
"c:\Users\james\Documents\GitHub\francesca-jade-creates\src\pages\accounts\interfaces\ConfirmDialog.i.ts", "TypeScript", 0, 11, 0, 0, 0, 0, 0, 0, 0, 0, 0, 2, 13
"c:\Users\james\Documents\GitHub\francesca-jade-creates\src\pages\accounts\interfaces\NewProduct.i.ts", "TypeScript", 0, 41, 0, 0, 0, 0, 0, 0, 0, 0, 0, 5, 46
"c:\Users\james\Documents\GitHub\francesca-jade-creates\src\pages\accounts\interfaces\PasswordChange.i.ts", "TypeScript", 0, 14, 0, 0, 0, 0, 0, 0, 0, 0, 0, 3, 17
"c:\Users\james\Documents\GitHub\francesca-jade-creates\src\pages\accounts\interfaces\Product.i.ts", "TypeScript", 0, 39, 0, 0, 0, 0, 0, 0, 0, 0, 0, 7, 46
"c:\Users\james\Documents\GitHub\francesca-jade-creates\src\pages\accounts\interfaces\ProductList.i.ts", "TypeScript", 0, 27, 0, 0, 0, 0, 0, 0, 0, 0, 0, 6, 33
"c:\Users\james\Documents\GitHub\francesca-jade-creates\src\pages\accounts\interfaces\Profile.i.ts", "TypeScript", 0, 59, 0, 0, 0, 0, 0, 0, 0, 0, 1, 5, 65
"c:\Users\james\Documents\GitHub\francesca-jade-creates\src\pages\accounts\interfaces\SearchFilter.i.ts", "TypeScript", 0, 11, 0, 0, 0, 0, 0, 0, 0, 0, 0, 4, 15
"c:\Users\james\Documents\GitHub\francesca-jade-creates\src\pages\accounts\interfaces\UpdateProduct.i.ts", "TypeScript", 0, 35, 0, 0, 0, 0, 0, 0, 0, 0, 1, 5, 41
"c:\Users\james\Documents\GitHub\francesca-jade-creates\src\pages\accounts\interfaces\Variants.i.ts", "TypeScript", 0, 52, 0, 0, 0, 0, 0, 0, 0, 0, 0, 6, 58
"c:\Users\james\Documents\GitHub\francesca-jade-creates\src\pages\accounts\interfaces\ViewProduct.i.ts", "TypeScript", 0, 16, 0, 0, 0, 0, 0, 0, 0, 0, 0, 4, 20
"c:\Users\james\Documents\GitHub\francesca-jade-creates\src\pages\accounts\scss\_account-page.scss", "SCSS", 0, 0, 0, 0, 0, 0, 0, 40, 0, 0, 0, 4, 44
"c:\Users\james\Documents\GitHub\francesca-jade-creates\src\pages\accounts\scss\_confirm.scss", "SCSS", 0, 0, 0, 0, 0, 0, 0, 5, 0, 0, 0, 1, 6
"c:\Users\james\Documents\GitHub\francesca-jade-creates\src\pages\accounts\scss\_new-product.scss", "SCSS", 0, 0, 0, 0, 0, 0, 0, 42, 0, 0, 13, 11, 66
"c:\Users\james\Documents\GitHub\francesca-jade-creates\src\pages\accounts\scss\_password.scss", "SCSS", 0, 0, 0, 0, 0, 0, 0, 23, 0, 0, 0, 5, 28
"c:\Users\james\Documents\GitHub\francesca-jade-creates\src\pages\accounts\scss\_profile.scss", "SCSS", 0, 0, 0, 0, 0, 0, 0, 86, 0, 0, 0, 14, 100
"c:\Users\james\Documents\GitHub\francesca-jade-creates\src\pages\accounts\scss\_update.scss", "SCSS", 0, 0, 0, 0, 0, 0, 0, 20, 0, 0, 0, 4, 24
"c:\Users\james\Documents\GitHub\francesca-jade-creates\src\pages\accounts\scss\_verify.scss", "SCSS", 0, 0, 0, 0, 0, 0, 0, 15, 0, 0, 0, 4, 19
"c:\Users\james\Documents\GitHub\francesca-jade-creates\src\pages\accounts\styles\orders.style.ts", "TypeScript", 0, 90, 0, 0, 0, 0, 0, 0, 0, 0, 0, 3, 93
"c:\Users\james\Documents\GitHub\francesca-jade-creates\src\pages\accounts\styles\productList.style.ts", "TypeScript", 0, 36, 0, 0, 0, 0, 0, 0, 0, 0, 0, 3, 39
"c:\Users\james\Documents\GitHub\francesca-jade-creates\src\pages\accounts\styles\updateProduct.style.ts", "TypeScript", 0, 64, 0, 0, 0, 0, 0, 0, 0, 0, 0, 3, 67
"c:\Users\james\Documents\GitHub\francesca-jade-creates\src\pages\accounts\styles\variants.style.ts", "TypeScript", 0, 68, 0, 0, 0, 0, 0, 0, 0, 0, 0, 3, 71
"c:\Users\james\Documents\GitHub\francesca-jade-creates\src\pages\accounts\styles\viewProduct.style.ts", "TypeScript", 0, 43, 0, 0, 0, 0, 0, 0, 0, 0, 0, 3, 46
"c:\Users\james\Documents\GitHub\francesca-jade-creates\src\pages\home\Landing.tsx", "TypeScript React", 0, 0, 0, 0, 0, 0, 9, 0, 0, 0, 0, 3, 12
"c:\Users\james\Documents\GitHub\francesca-jade-creates\src\pages\home\Login.tsx", "TypeScript React", 0, 0, 0, 0, 0, 0, 177, 0, 0, 0, 5, 7, 189
"c:\Users\james\Documents\GitHub\francesca-jade-creates\src\pages\home\components\ChangePasswordDialog.tsx", "TypeScript React", 0, 0, 0, 0, 0, 0, 200, 0, 0, 0, 1, 8, 209
"c:\Users\james\Documents\GitHub\francesca-jade-creates\src\pages\home\components\CreateAccountDialog.tsx", "TypeScript React", 0, 0, 0, 0, 0, 0, 410, 0, 0, 0, 0, 11, 421
"c:\Users\james\Documents\GitHub\francesca-jade-creates\src\pages\home\components\DesktopLanding.tsx", "TypeScript React", 0, 0, 0, 0, 0, 0, 110, 0, 0, 0, 0, 5, 115
"c:\Users\james\Documents\GitHub\francesca-jade-creates\src\pages\home\components\MobileLanding.tsx", "TypeScript React", 0, 0, 0, 0, 0, 0, 11, 0, 0, 0, 0, 4, 15
"c:\Users\james\Documents\GitHub\francesca-jade-creates\src\pages\home\interfaces\Create.i.ts", "TypeScript", 0, 30, 0, 0, 0, 0, 0, 0, 0, 0, 0, 3, 33
"c:\Users\james\Documents\GitHub\francesca-jade-creates\src\pages\home\interfaces\Login.i.ts", "TypeScript", 0, 18, 0, 0, 0, 0, 0, 0, 0, 0, 1, 4, 23
"c:\Users\james\Documents\GitHub\francesca-jade-creates\src\pages\home\interfaces\Password.i.ts", "TypeScript", 0, 13, 0, 0, 0, 0, 0, 0, 0, 0, 0, 2, 15
"c:\Users\james\Documents\GitHub\francesca-jade-creates\src\pages\home\scss\_dialog.scss", "SCSS", 0, 0, 0, 0, 0, 0, 0, 21, 0, 0, 0, 6, 27
"c:\Users\james\Documents\GitHub\francesca-jade-creates\src\pages\home\scss\_landing.scss", "SCSS", 0, 0, 0, 0, 0, 0, 0, 165, 0, 0, 0, 21, 186
"c:\Users\james\Documents\GitHub\francesca-jade-creates\src\pages\home\scss\_login.scss", "SCSS", 0, 0, 0, 0, 0, 0, 0, 104, 0, 0, 0, 14, 118
"c:\Users\james\Documents\GitHub\francesca-jade-creates\src\pages\navigation\NavBar.tsx", "TypeScript React", 0, 0, 0, 0, 0, 0, 90, 0, 0, 0, 21, 6, 117
"c:\Users\james\Documents\GitHub\francesca-jade-creates\src\pages\navigation\components\AccountsMenu.tsx", "TypeScript React", 0, 0, 0, 0, 0, 0, 145, 0, 0, 0, 0, 4, 149
"c:\Users\james\Documents\GitHub\francesca-jade-creates\src\pages\navigation\components\Links.tsx", "TypeScript React", 0, 0, 0, 0, 0, 0, 135, 0, 0, 0, 17, 5, 157
"c:\Users\james\Documents\GitHub\francesca-jade-creates\src\pages\navigation\components\MiniBasketMenu.tsx", "TypeScript React", 0, 0, 0, 0, 0, 0, 106, 0, 0, 0, 0, 5, 111
"c:\Users\james\Documents\GitHub\francesca-jade-creates\src\pages\navigation\interfaces\Links.i.ts", "TypeScript", 0, 6, 0, 0, 0, 0, 0, 0, 0, 0, 0, 1, 7
"c:\Users\james\Documents\GitHub\francesca-jade-creates\src\pages\navigation\interfaces\NavBar.i.ts", "TypeScript", 0, 18, 0, 0, 0, 0, 0, 0, 0, 0, 1, 4, 23
"c:\Users\james\Documents\GitHub\francesca-jade-creates\src\pages\navigation\styles\links.style.ts", "TypeScript", 0, 81, 0, 0, 0, 0, 0, 0, 0, 0, 0, 3, 84
"c:\Users\james\Documents\GitHub\francesca-jade-creates\src\pages\navigation\styles\miniBasket.style.ts", "TypeScript", 0, 34, 0, 0, 0, 0, 0, 0, 0, 0, 1, 2, 37
"c:\Users\james\Documents\GitHub\francesca-jade-creates\src\pages\navigation\styles\nav.style.ts", "TypeScript", 0, 32, 0, 0, 0, 0, 0, 0, 0, 0, 1, 2, 35
"c:\Users\james\Documents\GitHub\francesca-jade-creates\src\pages\not-found\NotFoundPage.tsx", "TypeScript React", 0, 0, 0, 0, 0, 0, 14, 0, 0, 0, 0, 3, 17
"c:\Users\james\Documents\GitHub\francesca-jade-creates\src\pages\not-found\scss\_not-found.scss", "SCSS", 0, 0, 0, 0, 0, 0, 0, 31, 0, 0, 0, 5, 36
"c:\Users\james\Documents\GitHub\francesca-jade-creates\src\pages\payment\Basket.tsx", "TypeScript React", 0, 0, 0, 0, 0, 0, 222, 0, 0, 0, 76, 12, 310
"c:\Users\james\Documents\GitHub\francesca-jade-creates\src\pages\payment\components\BasketCustomOptions.tsx", "TypeScript React", 0, 0, 0, 0, 0, 0, 271, 0, 0, 0, 304, 7, 582
"c:\Users\james\Documents\GitHub\francesca-jade-creates\src\pages\payment\components\BasketItem.tsx", "TypeScript React", 0, 0, 0, 0, 0, 0, 218, 0, 0, 0, 1, 12, 231
"c:\Users\james\Documents\GitHub\francesca-jade-creates\src\pages\payment\components\Checkout.tsx", "TypeScript React", 0, 0, 0, 0, 0, 0, 72, 0, 0, 0, 6, 6, 84
"c:\Users\james\Documents\GitHub\francesca-jade-creates\src\pages\payment\components\PayButton.tsx", "TypeScript React", 0, 0, 0, 0, 0, 0, 97, 0, 0, 0, 0, 9, 106
"c:\Users\james\Documents\GitHub\francesca-jade-creates\src\pages\payment\components\Success.tsx", "TypeScript React", 0, 0, 0, 0, 0, 0, 15, 0, 0, 0, 0, 4, 19
"c:\Users\james\Documents\GitHub\francesca-jade-creates\src\pages\payment\interfaces\Basket.i.ts", "TypeScript", 0, 40, 0, 0, 0, 0, 0, 0, 0, 0, 0, 6, 46
"c:\Users\james\Documents\GitHub\francesca-jade-creates\src\pages\payment\interfaces\Checkout.i.ts", "TypeScript", 0, 11, 0, 0, 0, 0, 0, 0, 0, 0, 0, 2, 13
"c:\Users\james\Documents\GitHub\francesca-jade-creates\src\pages\payment\scss\_basket-item.scss", "SCSS", 0, 0, 0, 0, 0, 0, 0, 55, 0, 0, 0, 9, 64
"c:\Users\james\Documents\GitHub\francesca-jade-creates\src\pages\payment\scss\_checkout.scss", "SCSS", 0, 0, 0, 0, 0, 0, 0, 5, 0, 0, 0, 0, 5
"c:\Users\james\Documents\GitHub\francesca-jade-creates\src\pages\payment\styles\basket.style.ts", "TypeScript", 0, 40, 0, 0, 0, 0, 0, 0, 0, 0, 0, 3, 43
"c:\Users\james\Documents\GitHub\francesca-jade-creates\src\pages\payment\styles\basketCustomOptions.style.ts", "TypeScript", 0, 91, 0, 0, 0, 0, 0, 0, 0, 0, 0, 3, 94
"c:\Users\james\Documents\GitHub\francesca-jade-creates\src\pages\payment\styles\basketItem.style.ts", "TypeScript", 0, 110, 0, 0, 0, 0, 0, 0, 0, 0, 0, 3, 113
"c:\Users\james\Documents\GitHub\francesca-jade-creates\src\pages\payment\styles\checkout.style.ts", "TypeScript", 0, 16, 0, 0, 0, 0, 0, 0, 0, 0, 0, 2, 18
"c:\Users\james\Documents\GitHub\francesca-jade-creates\src\pages\policies\PrivacyPolicy.tsx", "TypeScript React", 0, 0, 0, 0, 0, 0, 55, 0, 0, 0, 0, 3, 58
"c:\Users\james\Documents\GitHub\francesca-jade-creates\src\pages\policies\TermsOfService.tsx", "TypeScript React", 0, 0, 0, 0, 0, 0, 118, 0, 0, 0, 0, 4, 122
"c:\Users\james\Documents\GitHub\francesca-jade-creates\src\reducers\__tests__\basket.reducer.test.ts", "TypeScript", 0, 107, 0, 0, 0, 0, 0, 0, 0, 0, 1, 5, 113
"c:\Users\james\Documents\GitHub\francesca-jade-creates\src\reducers\__tests__\user.reducer.test.ts", "TypeScript", 0, 29, 0, 0, 0, 0, 0, 0, 0, 0, 1, 4, 34
"c:\Users\james\Documents\GitHub\francesca-jade-creates\src\reducers\basket.reducer.ts", "TypeScript", 0, 115, 0, 0, 0, 0, 0, 0, 0, 0, 0, 5, 120
"c:\Users\james\Documents\GitHub\francesca-jade-creates\src\reducers\products.reducer.ts", "TypeScript", 0, 81, 0, 0, 0, 0, 0, 0, 0, 0, 4, 4, 89
"c:\Users\james\Documents\GitHub\francesca-jade-creates\src\reducers\user.reducer.ts", "TypeScript", 0, 44, 0, 0, 0, 0, 0, 0, 0, 0, 0, 4, 48
"c:\Users\james\Documents\GitHub\francesca-jade-creates\src\routes\Router.tsx", "TypeScript React", 0, 0, 0, 0, 0, 0, 308, 0, 0, 0, 91, 15, 414
"c:\Users\james\Documents\GitHub\francesca-jade-creates\src\routes\interfaces\Router.i.ts", "TypeScript", 0, 78, 0, 0, 0, 0, 0, 0, 0, 0, 0, 7, 85
"c:\Users\james\Documents\GitHub\francesca-jade-creates\src\scss\base\_base.scss", "SCSS", 0, 0, 0, 0, 0, 0, 0, 31, 0, 0, 1, 4, 36
"c:\Users\james\Documents\GitHub\francesca-jade-creates\src\scss\base\_settings.scss", "SCSS", 0, 0, 0, 0, 0, 0, 0, 16, 0, 0, 2, 3, 21
"c:\Users\james\Documents\GitHub\francesca-jade-creates\src\scss\styles.scss", "SCSS", 0, 0, 0, 0, 0, 0, 0, 22, 0, 0, 6, 6, 34
"c:\Users\james\Documents\GitHub\francesca-jade-creates\src\setupTests.js", "JavaScript", 4, 0, 0, 0, 0, 0, 0, 0, 0, 0, 1, 2, 7
"c:\Users\james\Documents\GitHub\francesca-jade-creates\src\store\store.ts", "TypeScript", 0, 37, 0, 0, 0, 0, 0, 0, 0, 0, 1, 9, 47
"c:\Users\james\Documents\GitHub\francesca-jade-creates\src\themes\index.ts", "TypeScript", 0, 336, 0, 0, 0, 0, 0, 0, 0, 0, 1, 14, 351
"c:\Users\james\Documents\GitHub\francesca-jade-creates\src\utils\Notifier.tsx", "TypeScript React", 0, 0, 0, 0, 0, 0, 46, 0, 0, 0, 0, 11, 57
"c:\Users\james\Documents\GitHub\francesca-jade-creates\src\utils\__tests__\utils.test.js", "JavaScript", 15, 0, 0, 0, 0, 0, 0, 0, 0, 0, 1, 2, 18
"c:\Users\james\Documents\GitHub\francesca-jade-creates\src\utils\europeanCodes.ts", "TypeScript", 0, 28, 0, 0, 0, 0, 0, 0, 0, 0, 1, 1, 30
"c:\Users\james\Documents\GitHub\francesca-jade-creates\src\utils\index.ts", "TypeScript", 0, 29, 0, 0, 0, 0, 0, 0, 0, 0, 5, 6, 40
"c:\Users\james\Documents\GitHub\francesca-jade-creates\tsconfig.json", "JSON", 0, 0, 18, 0, 0, 0, 0, 0, 0, 0, 40, 6, 64
"c:\Users\james\Documents\GitHub\francesca-jade-creates\types.d.ts", "TypeScript", 0, 2, 0, 0, 0, 0, 0, 0, 0, 0, 0, 1, 3
"c:\Users\james\Documents\GitHub\francesca-jade-creates\webpack.common.js", "JavaScript", 55, 0, 0, 0, 0, 0, 0, 0, 0, 0, 1, 2, 58
"c:\Users\james\Documents\GitHub\francesca-jade-creates\webpack.dev.js", "JavaScript", 34, 0, 0, 0, 0, 0, 0, 0, 0, 0, 1, 3, 38
"c:\Users\james\Documents\GitHub\francesca-jade-creates\webpack.prod.js", "JavaScript", 57, 0, 0, 0, 0, 0, 0, 0, 0, 0, 1, 2, 60
"Total", "-", 444, 6615, 30095, 200, 28, 5, 7971, 1106, 17, 656, 1954, 1236, 50327